SID,First,Last,Cohort
16-001,Abdullah,Cruz,2018
16-002,Angela,Lee,2018
16-003,Carlos,Walker,2018
16-004,Caron,Lang,2018
16-005,Cat,Shaffer,2018
16-006,Charlotte,Sheppard,2018
16-007,Chenwei,Reilly,2018
16-008,Chloe,Chruz,2018
16-009,Eddie,Deng,2018
16-010,Hadassah,Schultz,2018
16-011,James,Tian,2018
16-010,Joanna,Cuevas,2019
16-009,Jonathon,Rhodes,2020
16-008,Josh,Mckenzie,2021
17-001,Justine,Chen,2019
17-002,Lia,Lessard,2019
17-003,Marcus,Swanson,2019
17-004,Mathias,Safty,2019
17-005,Nick,Hartman,2019
17-006,Reis,Glenn,2019
17-007,Saemmool,Jung,2019
17-008,Sarah,Cobb,2019
17-009,Simon,Dalton,2019
17-010,Susie,Shelton,2019
17-011,Thalia,Roth,2019
17-012,Waylon,Morris,2019
17-013,Arlo,Cruz,2019
17-014,Yutao,Henderson,2019
